Species,Subspecies,Sex,Age,ID,Locality,Wing,Tarsus
Ptiloris_victoriae,VICTORIAE,M,Adult,MV B16596,N Queenland,138,31.4
Ptiloris_victoriae,VICTORIAE,M,Adult,MV B16586,N Queensland,139,32.3
Ptiloris_victoriae,VICTORIAE,M,Adult,MV B16583,N. Queensland,137,31.6
Ptiloris_victoriae,VICTORIAE,M,Adult,Mv B16582,N Queensland,134,30.6
Ptiloris_victoriae,VICTORIAE,M,Adult,MV B16589,N. Queensland,133,33.2
Ptiloris_victoriae,VICTORIAE,M,Adult,MV B16600,Queensland,141,29.8
Ptiloris_victoriae,VICTORIAE,M,Adult,MV B16599,Queensland,142,32.2
Ptiloris_victoriae,VICTORIAE,M,Adult,MV Wh 1023,"Murray R., Cardwell",140,33.5
Ptiloris_victoriae,VICTORIAE,M,Adult,MV Wh 1022,"Kirrima Range, Cardwell ",137,31.3
Ptiloris_victoriae,VICTORIAE,M,Adult,MV Wh 8454,"Kirrima Range, Cardwell 2500'",138,31.7
Ptiloris_victoriae,VICTORIAE,M,Adult,MV Wh 1021,"Kirrima Range, Cardwell ",134,30.9
Ptiloris_victoriae,VICTORIAE,M,Adult,MV Wh 1020,"Atherton, N. Qld",148,32.2
Ptiloris_victoriae,VICTORIAE,M,Adult,MV Wh 1033,"Herberton Range, N. Qld",139,30.7
Ptiloris_victoriae,VICTORIAE,M,Adult,MV Wh 1032,"Herberton Range, N. Qld",141,31.2
Ptiloris_victoriae,VICTORIAE,M,Adult,MV Wh 1034,"Boer Pocket, nr Cairns",136,31.7
Ptiloris_victoriae,VICTORIAE,M,Adult,MV Wh 1035,"Boer Pocket, nr Cairns",144,31.1
Ptiloris_victoriae,VICTORIAE,M,Adult,MV Wh 1036,"Boer Pocket, nr Cairns",137,31.4
Ptiloris_victoriae,VICTORIAE,M,Adult,SAM,"Barron RIver, N. Qld",139,30.2
Ptiloris_victoriae,VICTORIAE,M,Adult,SAM B9344,"Allumbah, N.Q.",146,32.8
Ptiloris_victoriae,VICTORIAE,M,Adult,CSIRO 39494,"Mission Beach, Qld",138,31.4
Ptiloris_victoriae,VICTORIAE,M,Adult,CSIRO 13519,"Mission Beach, Qld",139,31.7
Ptiloris_victoriae,VICTORIAE,M,Adult,CSIRO 41538,"Severin, Boar Pocket Rd, E of Atherton, Qld",137,32.7
Ptiloris_victoriae,VICTORIAE,M,Adult,CSIRO 37539,?Rossville,138,32.6
Ptiloris_victoriae,VICTORIAE,M,Adult,CSIRO 39878,"Mt Walker, Helensvale area, S  of Cooktown",138,31.3
Ptiloris_victoriae,VICTORIAE,M,Adult,AM A2942,Barnard island,142,32.4
Ptiloris_victoriae,VICTORIAE,M,Adult,AM A2943,Barnard island,138,31.8
Ptiloris_victoriae,VICTORIAE,M,Adult,AM 0.28757,"Johnstone River, N. Qld",139,33.2
Ptiloris_victoriae,VICTORIAE,M,Adult,AM 0.28755,"Johnstone River, N. Qld",142,33.1
Ptiloris_victoriae,VICTORIAE,M,Adult,AM 0.28756,"Weirimba, Herberton",138,31.8
Ptiloris_victoriae,VICTORIAE,M,Adult,AM 0.28754,"Johnstone River, N. Qld",139,32.5
Ptiloris_victoriae,VICTORIAE,M,Adult,Am 0.3437,"Herberton District, Qld",140,32.6
Ptiloris_victoriae,VICTORIAE,M,Adult,AM 0.16083,"Atherton, Qld. ",135,33
Ptiloris_victoriae,VICTORIAE,M,Adult,AM 0.16088,Atherton,141,31.9
Ptiloris_victoriae,VICTORIAE,M,Adult,AM 0.16085,"Atherton, Qld",139,33.4
Ptiloris_victoriae,VICTORIAE,M,Adult,AM 0. 28753,"Johnstone River, N. Qld",140,30.7
Ptiloris_victoriae,VICTORIAE,M,Adult,AM 0.12135,"Barnard island, N. Qld",139,33.3
Ptiloris_victoriae,VICTORIAE,M,Adult,QM 0. 3713,"Hinchinbrook Island, N Qld",136,32.7
Ptiloris_victoriae,VICTORIAE,M,Adult,QM 0. 12189,"Cardwell, N. E. Qld",143,34.6
Ptiloris_victoriae,VICTORIAE,M,Adult,QM 0.13515,"Herbert River Gorge, N. E. Qld",142,33
Ptiloris_victoriae,VICTORIAE,M,Adult,QM 0.10488,"Maalan,nr Innisfail, N.E.Qld",146,34.2
Ptiloris_victoriae,VICTORIAE,M,Adult,QM 0. 12187,"Bellenden Kerr range, N. E. Qld, 3000'",142,33.1
Ptiloris_victoriae,VICTORIAE,M,Adult,QM 0. 12188,"Bellenden Kerr range, N. E. Qld, 3000'",144,33.4
Ptiloris_victoriae,VICTORIAE,M,Adult,QM 0. 5709,"Walsh Camp, 7 miles SW Atherton, N. Qld",141,32.1
Ptiloris_victoriae,VICTORIAE,M,Adult,QM 0. 6789,"Gap Creek, 40 miles S of Cooktown",137,32.3
Ptiloris_victoriae,VICTORIAE,M,Adult,ROM0049894,"Atherton, NEQ",136,31.7
Ptiloris_victoriae,VICTORIAE,M,Adult,ROM004895,"Atherton, NEQ",140,32.5
Ptiloris_victoriae,VICTORIAE,M,Adult,ROM0049892,"Tolga, Qld",141,32.5
Ptiloris_victoriae,VICTORIAE,M,Adult,ROM0049894,"Tolga, Qld",139,30.9
Ptiloris_victoriae,VICTORIAE,M,Adult,MCZ166685,"Millaa Millaa, Q",141,32.7
Ptiloris_victoriae,VICTORIAE-TYPE,M,Adult,BMNH1850.7.20.135,Barnard islands,139,32.1
Ptiloris_victoriae,VICTORIAE,M,subadult,MV B16588,N Queensland,125,31.9
Ptiloris_victoriae,VICTORIAE,M,subadult,MV Wh1025,"Cardwell, N. Qld",133,30.7
Ptiloris_victoriae,VICTORIAE,M,subadult,AM 0.18111,"Rockinham Bay, Qld",136,32.5
Ptiloris_victoriae,VICTORIAE,M,subadult,QM 0.13530,"Cardwell, N. Qld",135,32.2
Ptiloris_victoriae,VICTORIAE,M,subadult,QM 0.12190,"Herbert River Gorge, N.E.Qld",138,32.4
Ptiloris_victoriae,VICTORIAE,M,subadult,QM 0.13525,"Herbert River Gorge, N.E.Qld",133,31.4
Ptiloris_victoriae,VICTORIAE,M,subadult,QM 0.13533,"Herberton Scrubs, N.E. Qld",133,32.3
Ptiloris_victoriae,VICTORIAE,M,subadult,QM 0.12191,"Cardwell, N.E. Qld",131,32
Ptiloris_victoriae,VICTORIAE,M,subadult,AMNH677693,Barnard Island,137,34
Ptiloris_victoriae,VICTORIAE,M,subadult,AMNH677721,"Atherton Scrubs, N. Queensland",134,32.3
Ptiloris_victoriae,VICTORIAE,M,subadult,BMNH1964.60.1463,"Walter Hill Ra, Cochable Creek, 24 miles from Tully; 310oT From 17o56' S a45o56'E",137,34.2
Ptiloris_victoriae,VICTORIAE,M,Immature,MV B16595,Queensland,130,30.7
Ptiloris_victoriae,VICTORIAE,M,Immature,MV B16590,N. Queensland,128,31.8
Ptiloris_victoriae,VICTORIAE,M,Immature,MV B16584,N. Queensland,130,34.5
Ptiloris_victoriae,VICTORIAE,M,Immature,MV B16581,N. Queensland,127,29.7
Ptiloris_victoriae,VICTORIAE,M,Immature,MV B16594, Queensland,133,30.8
Ptiloris_victoriae,VICTORIAE,M,immature,MV Wh 4519,"Vine Creek, Ravenshoe, N.E.Qld 3000'",130,31
Ptiloris_victoriae,VICTORIAE,M,immature,MV Wh4520,"Vine Creek, Ravenshoe, 3000""",130,31.8
Ptiloris_victoriae,VICTORIAE,M,immature,CSIRO 15380,"Lamb Range, 2-5 km SW Mt Haig Summit, Qld",134,32.7
Ptiloris_victoriae,VICTORIAE,M,immature,CSIRO 41539,"Severin, Boar Pocket Rd, Atherton, Qld",121,33.3
Ptiloris_victoriae,VICTORIAE,M,immature,QM 0.13523,"Cardwell, N. Qld",126,30
Ptiloris_victoriae,VICTORIAE,M,immature,QM 0. 12192,"Cardwell, N. Qld",129,32.6
Ptiloris_victoriae,VICTORIAE,M,immature,??? ch,"Kuranda area, Qld",126,33
Ptiloris_victoriae,VICTORIAE,M,immature,QM 0. 6790,"Gap Creek, 40 mls S of Cooktown",126,32.5
Ptiloris_victoriae,VICTORIAE,M,immature,ROM0049897,Tolga,132,32.4
Ptiloris_victoriae,VICTORIAE,M,immature,ROMOO49898,Tolga,133,32.2
Ptiloris_victoriae,VICTORIAE,M,immature,ROM1149899,Tolga,134,31.3
Ptiloris_victoriae,VICTORIAE,M,immature,AMNH677691,"Mt Sapphire, Cairns, N.Queensland",134,34.3
Ptiloris_victoriae,VICTORIAE,M,immature,AMNH677729,"Bellenden Kerr, N.Queensland",123,30.1
Ptiloris_victoriae,VICTORIAE,M,immature,AMNH677722,"Atherton Scrubs, NE Queenlsland",130,33.6
Ptiloris_victoriae,VICTORIAE,M,immature,AMNH677741,"Barron River, N. Queensland",127,33.8
Ptiloris_victoriae,VICTORIAE,M,immature,AMNH677742,"Barron River, N. Queensland",125,32.8
Ptiloris_victoriae,VICTORIAE,M,immature,BMNH1964.60.1450,"Tully River camp,282oM; from Tully(=288oM). 17o56'S, 145o56'E",131,33.5
Ptiloris_victoriae,VICTORIAE,M,immature,BMNH1964.60.1451,"Tully River camp,282oM; from Tully(=288oM). 17o56'S, 145o56'E",128,32.9
Ptiloris_victoriae,VICTORIAE,M,immature,BMNH1964.60.1447,"Big tableland, 15m 340oT from Ayton",134,34
Ptiloris_victoriae,VICTORIAE,F,Adult,MV B16601,Queensland,126,31.6
Ptiloris_victoriae,VICTORIAE,F,Adult,MV B16602,N.Queensland,120,28.6
Ptiloris_victoriae,VICTORIAE,F,Adult,MV B16592,N. Queensland,129,31.7
Ptiloris_victoriae,VICTORIAE,F,Adult,Mv B16591,N. Queensland,126,31.6
Ptiloris_victoriae,VICTORIAE,F,Adult,MV Wh 1024,"Kirrima Ra, Cardwell",123,28
Ptiloris_victoriae,VICTORIAE,F,Adult,SAM ,"Barron River, N.E.Qld",127,31.6
Ptiloris_victoriae,VICTORIAE,F,Adult,CSIRO 39505,"Mission Beach, c 64 kms S Innisfail, Qld",125,30.5
Ptiloris_victoriae,VICTORIAE,F,Adult,CSIRO 15379,"Lamb Range, 2-5 kms SW Mt Haig Summit, Qld",133,33
Ptiloris_victoriae,VICTORIAE,F,Adult,CSIRO 43620,"Lake Eacham, Atherton Tableland, Qld",123,30.4
Ptiloris_victoriae,VICTORIAE,F,Adult,CSIRO 43891,"Lake Eacham, Atherton Tableland, Qld",116,31.8
Ptiloris_victoriae,VICTORIAE,F,Adult,CSIRO 41540,"Severin, Boar Pocket rd, Atherton Tableland, Qld",122,30.4
Ptiloris_victoriae,VICTORIAE,F,Adult,CSIRO15369,"Laceys Creek, Mission Beach, Qld",122,29.6
Ptiloris_victoriae,VICTORIAE,F,Adult,Am 0.18113,"Rockinham Bay District, Qld",131,32
Ptiloris_victoriae,VICTORIAE,F,Adult,Am0.18112,"Rockingham Bay District, Qld",121,29
Ptiloris_victoriae,VICTORIAE,F,Adult,AM 0.3249,"Herberton District, Qld",129,33
Ptiloris_victoriae,VICTORIAE,F,Adult,AM 0.3432,"Herberton District, Qld",118,28.5
Ptiloris_victoriae,VICTORIAE,F,Adult,QM 0.11904,"Wallaman, N. Qld",121,30
Ptiloris_victoriae,VICTORIAE,F,Adult,QM 0. 13519,"Cardwell, N.E. Qld, (upl/lowland ?)",131,30.5
Ptiloris_victoriae,VICTORIAE,F,Adult,QM 0.12194,"Cardwell, N.E. Qld",134,31.5
Ptiloris_victoriae,VICTORIAE,F,Adult,QM 0.13527,"Cardwell, N.E. Qld",136,32.1
Ptiloris_victoriae,VICTORIAE,F,Adult,QM 0.13518,"Cardwell, N.E. Qld",124,28.4
Ptiloris_victoriae,VICTORIAE,F,Adult,QM 0.13532,"Cardwell, N.E. Qld",119,29.3
Ptiloris_victoriae,VICTORIAE,F,Adult,QM 0.13522,"Cardwell, N.E. Qld",120,29.7
Ptiloris_victoriae,VICTORIAE,F,Adult,QM 0. 13531,"Cardwell, N.E. Qld",122,30.6
Ptiloris_victoriae,VICTORIAE,F,Adult,QM 0. 13521,Barnard Island,120,28
Ptiloris_victoriae,VICTORIAE,F,Adult,QM 0.13534,Herbert River Gorge,133,33.1
Ptiloris_victoriae,VICTORIAE,F,Adult,QM 0. 16290,"Gap Creek, 7 kms N of Bloomfield R, S of Cook",120,28.9
Ptiloris_victoriae,VICTORIAE,F,Adult,QM 0. 16325,"Gap Creek, 7 kms N of Bloomfield R, S of Cook",125,28.7
Ptiloris_victoriae,VICTORIAE,F,Adult,QM 0. 5363,"Upper Parrot Creek, Mt finnegan, N. Qld",125,29.9
Ptiloris_victoriae,VICTORIAE,F,Adult,ROM0049896,Tolga,126,28.6
Ptiloris_victoriae,VICTORIAE,F,Adult,MCZ166687,"Millaa Millaa, Q",126,29.3
Ptiloris_magnificus,MAGNIFICUS,M,Adult,CSIRO7582,"Mt Hunstein, Sepik Dist",193,37.2
Ptiloris_magnificus,MAGNIFICUS,M,Adult,CSIRO7706,"Mt Hunstein, Sepik Dist",192,39.7
Ptiloris_magnificus,MAGNIFICUS,M,Adult,CSIRO7650,"Mt Hunstein, Sepik Dist",199,38.3
Ptiloris_magnificus,MAGNIFICUS,M,Adult,CSIRO7762,"Mt Hunstein, Sepik Dist",200,40
Ptiloris_magnificus,MAGNIFICUS,M,Adult,CSIRO1391,"Station environs, Lake Kutubu",198,39.6
Ptiloris_magnificus,MAGNIFICUS,M,Adult,ROM0049903,"Amberlaki Range, NG",191,40
Ptiloris_magnificus,MAGNIFICUS,M,Adult,BBM110846,"Hunstein Mtns, East Sepik Province",190,39.8
Ptiloris_magnificus,MAGNIFICUS,M,Adult,BBM109928,"Bewani Mtns,  West Sepik Province",194,39.1
Ptiloris_magnificus,MAGNIFICUS,M,Adult,MCZ99636,"Mapia River, SW NG",193,40.7
Ptiloris_magnificus,MAGNIFICUS,M,Adult,MCZ99635,"Mapia River, SW NG",196,37.8
Ptiloris_magnificus,MAGNIFICUS,M,Adult,MCZ265533,"Kloofbivak, 00brun?",192,40.1
Ptiloris_magnificus,MAGNIFICUS,M,Adult,AMNH342147,"Bernhard Camp, Idenburg River",197,38.7
Ptiloris_magnificus,MAGNIFICUS,M,Adult,AMNH342149,"Bernhard Camp, Idenburg River",182,41.2
Ptiloris_magnificus,MAGNIFICUS,M,Adult,AMNH342152,"Bernhard Camp, Idenburg River",191,42.3
Ptiloris_magnificus,MAGNIFICUS,M,Adult,AMNH302359,DJalan fluss,189,39.8
Ptiloris_magnificus,MAGNIFICUS,M,Adult,AMNH677539,"Oetakwa River, Snow Mtns, Central DNG",190,39.7
Ptiloris_magnificus,MAGNIFICUS,M,Adult,AMNH677545,"Eilanden River, South Central, DNG",187,37.9
Ptiloris_magnificus,MAGNIFICUS,M,Adult,AMNH830466,"Mt Menawa, Torriceiil Mtns, NG",193,40.6
Ptiloris_magnificus,MAGNIFICUS,M,Adult,AMNH422204,"Wuroi, Oriomo River, W.D., British Papua",198,39.4
Ptiloris_magnificus,MAGNIFICUS,M,Adult,AMNH294572,Hollandia,196,39.7
Ptiloris_magnificus,MAGNIFICUS,M,Adult,AMNH294575,Hol,185,40.6
Ptiloris_magnificus,MAGNIFICUS,M,Adult,AMNH677528,"Siwi, Arfak, DNG",194,40.2
Ptiloris_magnificus,MAGNIFICUS,M,Adult,AMNH294579,"Siwi, Arfak, DNG",196,39.6
Ptiloris_magnificus,MAGNIFICUS,M,Adult,AMNH294581,Morni (DNG),198,39.5
Ptiloris_magnificus,MAGNIFICUS,M,Adult,AMNH677527,"Siwi, Arfak, DNG",190,39
Ptiloris_magnificus,MAGNIFICUS,M,Adult,AMNH677547,"Waren, Waropen, DNG",189,40.8
Ptiloris_magnificus,MAGNIFICUS,M,Adult,AMNH294582,Wondiwoi,198,40
Ptiloris_magnificus,MAGNIFICUS,M,Adult,AMNH677551,"Cyclops Mtn, Humboldt Bay, NG",190,39.7
Ptiloris_magnificus,MAGNIFICUS,M,Adult,AMNH677550,"Cyclops Mtn, Humboldt Bay, NG",193,38.1
Ptiloris_magnificus,MAGNIFICUS,M,Subadult,AMNH830465,"Mt Nibo, Torriceli Mtns, NG",179,39.4
Ptiloris_magnificus,MAGNIFICUS,M,Subadult,AMNH427606,"2 miles below junc. Black &  Palmer Rivers, Upper Fly River, W.D., Papua",188,40
Ptiloris_magnificus,MAGNIFICUS,M,Subadult,AMNH677546,"Eilanden River, South Central NG",188,40.8
Ptiloris_magnificus,MAGNIFICUS,M,Subadult,AMNH342148,"Bernhard Camp, Idenburg River, Netherlands NG",177,37.9
Ptiloris_magnificus,MAGNIFICUS,M,Subadult,SMNStuttgart10934,NW NG,183,41.4
Ptiloris_magnificus,MAGNIFICUS,M,Subadult,SMNStuttgart10933,Nw NG,177,41.5
Ptiloris_magnificus,MAGNIFICUS,M,Subadult,BMNH1916.5.30.1319,"Camp 4, Iwaka R, DNG",196,39.7
Ptiloris_magnificus,MAGNIFICUS,M,Subadult,BMNH1916.5.30.1333,"Camp 3,Utakwa R.,  DNG",194,39.4
Ptiloris_magnificus,MAGNIFICUS,M,Subadult,BMNH1916.5.30.1315,"Wataikwa TR, DNG",191,40.4
Ptiloris_magnificus,MAGNIFICUS,M,Immature,CSIRO1447,"Moro, Lake Kutubu",175,36.9
Ptiloris_magnificus,MAGNIFICUS,M,Immature,CSIRO7651,"Mt Hunstein, Sepik Dist",180,39.7
Ptiloris_magnificus,MAGNIFICUS,M,Immature,CSIRO7590,"Mt Hunstein, Sepik Dist",180,37.2
Ptiloris_magnificus,MAGNIFICUS,M,Immature,MCZ290506,"Karimui, EHD, NG",181,39.8
Ptiloris_magnificus,MAGNIFICUS,M,Immature,AMNH342151,"Bernhard Camp, Idenburg River, Netherlands NG",179,40.8
Ptiloris_magnificus,MAGNIFICUS,M,Immature,AMNH830467,"Mt Menawa, Torricelli Mtns, NG",179,40.9
Ptiloris_magnificus,MAGNIFICUS,M,Immature,AMNH677525,"Morni, Arfak, DNG",180,39.7
Ptiloris_magnificus,MAGNIFICUS,M,Immature,aMNH677529,"Siwi, Arfak, DNG",183,40.8
Ptiloris_magnificus,MAGNIFICUS,M,Immature,AMNH294578,Siwi,175,40.5
Ptiloris_magnificus,MAGNIFICUS,M,Immature,AMNH294571,Hol,176,39.6
Ptiloris_magnificus,MAGNIFICUS,M,Immature,RMNH1609,By de Mosso?,179,41.2
Ptiloris_magnificus,MAGNIFICUS,M,Immature,MNH Paris 336,Anday,173,39.6
Ptiloris_magnificus,MAGNIFICUS,M,Immature,BMNH1916.5.30.1302,"Parimau, Mimika R., DNG",172,40.3
Ptiloris_magnificus,MAGNIFICUS,M,Immature,BMNH1916.5.30.1307,"Parimau, Mimika R., DNG",182,39.4
Ptiloris_magnificus,MAGNIFICUS,M,Immature,BMNH1916.5.30.1306,"Parimau, Mimika R., DNG",174,39.6
Ptiloris_magnificus,MAGNIFICUS,M,Immature,BMNH1916.5.30.1298,Mouth of the Mimika R,181,40.8
Ptiloris_magnificus,MAGNIFICUS,M,Immature,BMNH1916.5.30.1325,"Canoe Camp, Setakwa R., DNG",171,40.8
Ptiloris_magnificus,MAGNIFICUS,M,Immature,BMNH1916.5.30.1334,"Camp 3, Utakwa River, DNG",174,39.2
Ptiloris_magnificus,MAGNIFICUS,M,immature,RMNH no 796,Kloofbivak,173,40.3
Ptiloris_magnificus,MAGNIFICUS,M,Immature,BMNH1916.5.30.1303,"Parimau, Mimika River, DNG",169,40.6
Ptiloris_magnificus,MAGNIFICUS,F,Adult,CSIRO7743,"Mt Hunstein, Sepik Dist",159,34.8
Ptiloris_magnificus,MAGNIFICUS,F,Adult,CSIRO7598,"Mt Hunstein, Sepik Dist",157,36.4
Ptiloris_magnificus,MAGNIFICUS,F,Adult,QM05748,Fly River,165,35.9
Ptiloris_magnificus,MAGNIFICUS,F,Adult,BBM110848,"Hunstein Mtns, East Sepik Province",164,36.2
Ptiloris_magnificus,MAGNIFICUS,F,Adult,MCZ290506,"Karimui, EHD, NG",156,36.9
Ptiloris_magnificus,MAGNIFICUS,F,Adult,AMNH830168,"Mt Toro, Torricelli Mtns",149,33.1
Ptiloris_magnificus,MAGNIFICUS,F,Adult,AMNH809329,"Karimui, EHD, NG",147,35.9
Ptiloris_magnificus,MAGNIFICUS,F,Adult,AMNH677542,"Snow Mtns, Central DNG",163,35.5
Ptiloris_magnificus,MAGNIFICUS,F,Adult,AMNH677540,"Oetakwa River, Snow Mtns, south Central DNG",153,36.2
Ptiloris_magnificus,MAGNIFICUS,F,Adult,AMNH677543,"Snow Mtns, Central DNG",155,36.5
Ptiloris_magnificus,MAGNIFICUS,F,Adult,AMNH677544,"Snow Mtns, Central DNG",153,36
Ptiloris_magnificus,MAGNIFICUS,F,Adult,AMNh302360,"Menoo, Weyland Mtns",154,36.3
Ptiloris_magnificus,MAGNIFICUS,F,Adult,AMNh302361,"Menoo, Weyland Mtns",161,35.3
Ptiloris_magnificus,MAGNIFICUS,F,Adult,AMNH427607,"5 miles below Palmer junct., Upper Fly River, W.D., Papua",158,35
Ptiloris_magnificus,MAGNIFICUS,F,Adult,AMNH342150,"Bernhard Camp, Idenburg River, Netherlands NG",154,34.9
Ptiloris_magnificus,MAGNIFICUS,F,Adult,AMNH677556,"Holl. Humboldt (NB Hol on original), Ng",154,35.4
Ptiloris_magnificus,MAGNIFICUS,F,Adult,RMNH19115,Etnabaai,163,35.7
Ptiloris_magnificus,MAGNIFICUS,F,Adult,RMNH no 158,Beaufort Rivier,153,34.4
Ptiloris_magnificus,MAGNIFICUS,F,Adult,BMNH1916.5.30.1317,"Wataikwa River, DNG",164,35.5
Ptiloris_magnificus,MAGNIFICUS,F,Adult,BMNH1916.5.30.1312,"Wataikwa River, DNG",164,34.2
Ptiloris_magnificus,MAGNIFICUS,F,Adult,BMNH1916.5.30.1926,"Setakwa R., DNG",164,36.6
Ptiloris_magnificus,MAGNIFICUS,F,Adult,BMNH1916.5.30.1308,"Kapare River, DNG",151,35.7
Ptiloris_magnificus,MAGNIFICUS,F,Adult,BMNH1908.5.27.76,"Humboldt Bay, N. NG",159,34.3
Ptiloris_magnificus,MAGNIFICUS,F,imm/juv,BMNH1916.5.30.1318,"No 3 Camp, Iwaka R., DNG",154,35.1
Ptiloris_intercedens,INTERCEDENS,M,Adult,CSIRO8864,"Mori River, Cape Rodney. Cent Dist",191,39.2
Ptiloris_intercedens,INTERCEDENS,M,Adult,CSIRO8883,"Mori River, Cape Rodney. Cent Dist",194,38.2
Ptiloris_intercedens,INTERCEDENS,M,Adult,CSIRO8924,"Coastal scarp above Barakau, Astrolabe Range",190,39.5
Ptiloris_intercedens,INTERCEDENS,M,Adult,CSIRO9982,"Coastal scarp above Barakau, Astrolabe Range",194,41.4
Ptiloris_intercedens,INTERCEDENS,M,Adult,CSIRO4112,"Putei, Gulf Dist",195,40.6
Ptiloris_intercedens,INTERCEDENS,M,Adult,CSIRO26992,"Teteludi environs, Upper Kumusi River, Oro prov",198,40.6
Ptiloris_intercedens,INTERCEDENS,M,Adult,CSIRO1497,Brown River,193,41.3
Ptiloris_intercedens,INTERCEDENS,M,Adult,CSIRO1652,Brown River,190,41.4
Ptiloris_intercedens,INTERCEDENS,M,Adult,CSIRO7779,"Mt Moiba, Milne Bay Dist",199,36.8
Ptiloris_intercedens,INTERCEDENS,M,Adult,AMB6385,Astrolabe Range,195,38.5
Ptiloris_intercedens,INTERCEDENS,M,Adult,AM018629,Astrolabe Range,189,41
Ptiloris_intercedens,INTERCEDENS,M,Adult,AM018628,Astrolabe Range,198,39.3
Ptiloris_intercedens,INTERCEDENS,M,Adult,AM027528,"Ottay, Hertzog Mtns, Huon Gulf",194,41.3
Ptiloris_intercedens,INTERCEDENS,M,Adult,QM019620,"Suku, Upper Vanapa Valley",191,40.2
Ptiloris_intercedens,INTERCEDENS,M,Adult,QM019623,"Mt Suckling, SENG",194,41.4
Ptiloris_intercedens,INTERCEDENS,M,Adult,QM019619,"Gavaranumu, SENG",197,40.9
Ptiloris_intercedens,INTERCEDENS,M,Adult,QM019621,"MtManeao, NENG",193,41.5
Ptiloris_intercedens,INTERCEDENS,M,Adult,BBM53688,"10 kms W.Buluol, Morobe Dist, TNG",191,38.6
Ptiloris_intercedens,INTERCEDENS,M,Adult,MCZ54271,"Port Moresby, NG",188,41.4
Ptiloris_intercedens,INTERCEDENS,M,Adult,MCZ54272,"Port Moresby, NG",192,40.5
Ptiloris_intercedens,INTERCEDENS,M,Adult,AMNH677950,"Mailu District, BNG",195,42.3
Ptiloris_intercedens,INTERCEDENS,M,Adult,AMNH677597,"Bihagi, head of Membare River",192,42.7
Ptiloris_intercedens,INTERCEDENS,M,Adult,AMNH677599,"Hydrographers Range, W of Dyce Ackland Bay, SE NG",197,41.4
Ptiloris_intercedens,INTERCEDENS,M,Subadult,CSIRO8940,"Summit above Barakau, Astrolabe Range",191,38.2
Ptiloris_intercedens,INTERCEDENS,M,Subadult,AMNH677594,"Mt cameron, Owen Stanley Ranges",186,38.5
Ptiloris_intercedens,INTERCEDENS,M,Subadult,AMNH677575,"Simbang, German NG",191,38.7
Ptiloris_intercedens,INTERCEDENS,M,Subadult,AMNH677574,"Simbang, German NG",197,41
Ptiloris_intercedens,INTERCEDENS,M,Subadult,AMNH677570,"Simbang, German NG",187,39.9
Ptiloris_intercedens,INTERCEDENS,M,Subadult,AMNH791245,"Nawawu, Adelbert Mtns, NG",191,42.4
Ptiloris_intercedens,INTERCEDENS,M,Subadult,M.T. Dresden 173889,"Sattelberg, DNG",187,41.5
Ptiloris_intercedens,INTERCEDENS,M,Subadult,ZSMunich13.80,"Hinterland des sattleberges bei Fisnchhafe, Deutsch Ngn",196,41.1
Ptiloris_intercedens,INTERCEDENS,M,Subadult,PNGM 22678,"Dasiama Creek, Central District",197,39.5
Ptiloris_intercedens,INTERCEDENS,M,immature,BMNH1911.12.22.52,"Taora District, Owen Stanley Ra, BNG",173,38.7
Ptiloris_intercedens,INTERCEDENS,M,Immature,CSIRO1496,Brown River,179,39.7
Ptiloris_intercedens,INTERCEDENS,M,Immature,CSIRO8720,"Mori River, Cape Rodney, Cent Dist",168,42.5
Ptiloris_intercedens,INTERCEDENS,M,Immature,CSIRO8410,"Nunamai, N of Amazon Bay, Milne Bay Dist",168,41.5
Ptiloris_intercedens,INTERCEDENS,M,Immature,WAMA2399,"Mimbare River, Bihagi Head, NG",171,39.8
Ptiloris_intercedens,INTERCEDENS,M,Immature,MCZ168273,"Wau, Morobe, NG",178,40.2
Ptiloris_intercedens,INTERCEDENS,M,Immature,MCZ168278,"Upper Watut, Morobe, NG",162,39.8
Ptiloris_intercedens,INTERCEDENS,M,Immature,MCZ54273,"Narlinimo? or Narin(?u) uma (old label) nr, Port Moresby, NG",181,40.1
Ptiloris_intercedens,INTERCEDENS,M,Immature,ROM0049909,"Afoldin, NG",170,38.4
Ptiloris_intercedens,INTERCEDENS,M,Immature,ROM0049910,"Bihagi villahe, head of Mebare River, N coast of SE NG",179,41.6
Ptiloris_intercedens,INTERCEDENS,M,Immature,AMNH677601,"Hydrographers Range, W of Dyce Ackland Bay, SE NG",178,40.3
Ptiloris_intercedens,INTERCEDENS,M,Immature,AMNH677602,"Hydrographers Range, W of Dyce Ackland Bay, SE NG",171,40.5
Ptiloris_intercedens,INTERCEDENS,M,Immature,AMNH677564,"FinisterreMtns, German NG",187,40.1
Ptiloris_intercedens,INTERCEDENS,M,Immature,AMNH677611,"Milne Bay, SE NG",177,40.4
Ptiloris_intercedens,INTERCEDENS,M,Immature,AMNH677610,"Milne Bay, SE NG",176,41.9
Ptiloris_intercedens,INTERCEDENS,M,Immature,AMNH791246,"Memenga forest, Adelbert Mtns, New Guinea",179,41
Ptiloris_intercedens,INTERCEDENS,M,Immature,ROM0049914,"Aicora River, NG",173,39.8
Ptiloris_intercedens,INTERCEDENS,M,Immature,AMNH791248,"Memenga forest, Adelbert Mtns, NG",179,41.2
Ptiloris_intercedens,INTERCEDENS-TYPE,M,Immature,BMNH80.9.13.49,"East  Cape, SE NG",181,42.2
Ptiloris_intercedens,INTERCEDENS,F,Adult,CSIRO8594,Milne Bay Dist,147,34.8
Ptiloris_intercedens,INTERCEDENS,F,Adult,CSIRO7781,"Mt Moiba, Milne Bay Dist",153,34.4
Ptiloris_intercedens,INTERCEDENS,F,Adult,CSIRO8990,"Central scarp above Barakau, Astrolabe Range",154,35.5
Ptiloris_intercedens,INTERCEDENS,F,Adult,CSIRO8700,"Mori River, cape Rodney, Cent Dist",153,36
Ptiloris_intercedens,INTERCEDENS,F,Adult,AMA3428,"Laloki River, NG",146,35.3
Ptiloris_intercedens,INTERCEDENS,F,Adult,BBM60039,"Top of Kassam Pass, East Highlands, TNG",147,34.5
Ptiloris_intercedens,INTERCEDENS,F,Adult,MCZ168276,"Wau, Morobe, NG",154,32.6
Ptiloris_intercedens,INTERCEDENS,F,Adult,MCZ168274,"Wau, Morobe, NG",147,34.5
Ptiloris_intercedens,INTERCEDENS,F,Adult,AMNH677607,"Bihagi, head of Membare River",151,37.5
Ptiloris_intercedens,INTERCEDENS,F,Adult,AMNH677598,"Bihagi, head of Membare River",147,35.3
Ptiloris_intercedens,INTERCEDENS,F,Adult,AMNH677606,"Hydrographers Range, W of Dyce Ackland Bay, SE NG",148,34.2
Ptiloris_intercedens,INTERCEDENS,F,Adult,AMNH677605,"Hydrographers Range, W of Dyce Ackland Bay, SE NG",156,36.4
Ptiloris_intercedens,INTERCEDENS,F,Adult,AMNH677604,"Hydrographers Range, W of Dyce Ackland Bay, SE NG",145,35.3
Ptiloris_intercedens,INTERCEDENS,F,Adult,AMNH677603,"Hydrographers Range, W of Dyce Ackland Bay, SE NG",160,35.3
Ptiloris_intercedens,INTERCEDENS,F,Adult,AMNH420966,"Kubuma, CD, British Papua",151,33.4
Ptiloris_intercedens,INTERCEDENS,F,Adult,AMNH268159,"Madang, BNG",162,35.8
Ptiloris_intercedens,INTERCEDENS,F,Adult,AMNH268156,"Keku, British New Guinea",159,34.8
Ptiloris_intercedens,INTERCEDENS,F,Adult,AMNh791247,"Memenga forest, Adelbert Mtns, NG",153,35.7
Ptiloris_intercedens,INTERCEDENS,F,Adult,AMNh791249,"Memenga forest, Adelbert Mtns, NG",158,36
Ptiloris_intercedens,INTERCEDENS,F,Adult,AMNH677608,"Milne Bay,  SE Ng",153,35.9
Ptiloris_intercedens,INTERCEDENS,F,Adult,AMNh677612,"Milne Bay, SE NG",147,35.7
Ptiloris_intercedens,INTERCEDENS,F,Adult,AMNH677609,"Haidana, Collingwood Bay, SE NG",150,38.1
Ptiloris_intercedens,INTERCEDENS,F,Adult,AMNH330337,"Milne Bay, papua",152,35.3
Ptiloris_intercedens,INTERCEDENS,F,Adult,AMNH303338,"Mt lamington dist, Papua",152,34.4
Ptiloris_intercedens,INTERCEDENS,F,Immature,ROM0049912,"Hydrographers Ra, SE NG",150,35.6
Ptiloris_intercedens,INTERCEDENS,F,immature,CSIRO4049,"Putei, Gulf Dist.",154,34.6
Ptiloris_intercedens,INTERCEDENS,F,juv/imm,ROM0049913,"Upi, NG",153,32.7
Ptiloris_magnificus,ALBERTI,M,Adult,WAMA19240,Bunya Range!,179,37.9
Ptiloris_magnificus,ALBERTI,M,Adult,MVR6486,Claudie River,180,37.8
Ptiloris_magnificus,ALBERTI,M,Adult,MVB16620,"Somerset, Cape York",179,35.6
Ptiloris_magnificus,ALBERTI,M,Adult,MVB14934,"Somerset, Cape York",184,39.1
Ptiloris_magnificus,ALBERTI,M,Adult,MVW7563,"Somerset, Cape York",177,38.2
Ptiloris_magnificus,ALBERTI,M,Adult,MVW1029,"Lockerbie, Cape York",179,37.1
Ptiloris_magnificus,ALBERTI,M,Adult,MVW 6806,"Coen, CYP",175,36.4
Ptiloris_magnificus,ALBERTI,M,Adult,MVW1026,"Lockerbie, Cape York",180,37.4
Ptiloris_magnificus,ALBERTI,M,Adult,MVW7562,"Somerset, Cape York",182,39.6
Ptiloris_magnificus,ALBERTI,M,Adult,MVW1027,"Lockerbie, Cape York",183,37.9
Ptiloris_magnificus,ALBERTI,M,Adult,MVW1028,"Lockerbie, Cape York",176,39
Ptiloris_magnificus,ALBERTI,M,Adult,MVW1030,"Somerset, Cape York",176,37.9
Ptiloris_magnificus,ALBERTI,M,Adult,SAMB20533,"Paira, Cape York",182,37.6
Ptiloris_magnificus,ALBERTI,M,Adult,SAM20535,"Peak Point Track, Paira, Cape York",179,37.4
Ptiloris_magnificus,ALBERTI,M,Adult,SAMB20541,"Pascoe River, CYP",184,40.1
Ptiloris_magnificus,ALBERTI,M,Adult,SAMB20536,"Lockerbie, Paira Track, Cape York",180,38.7
Ptiloris_magnificus,ALBERTI,M,Adult,SAMB29537,"Paira, Cape York",180,38.3
Ptiloris_magnificus,ALBERTI,M,Adult,SAMB20534,"Paira, Cape York",185,38.4
Ptiloris_magnificus,ALBERTI,M,Adult,SAMB1514,Cape York,180,37.4
Ptiloris_magnificus,ALBERTI,M,Adult,SAMB9336,"Somerset, Cape York",182,38
Ptiloris_magnificus,ALBERTI,M,Adult,SAMB19564,Cape York,176,38.1
Ptiloris_magnificus,ALBERTI,M,Adult,SAMB1515,Cape York,180,37.8
Ptiloris_magnificus,ALBERTI,M,Adult,CSIRO42973,"Eastern McIlwraith, CYP",174,37.3
Ptiloris_magnificus,ALBERTI,M,Adult,AM027633,Cape York,181,39.7
Ptiloris_magnificus,ALBERTI,M,Adult,AM0287959,Cape York,187,38.1
Ptiloris_magnificus,ALBERTI,M,Adult,AM032463,Cape York,180,38.4
Ptiloris_magnificus,ALBERTI,M,Adult,AM053184,"Iron Range, CYP ",179,36.1
Ptiloris_magnificus,ALBERTI,M,Adult,AM059629,"Claudie River, 3rd crossing, CYP",176,36.7
Ptiloris_magnificus,ALBERTI,M,Adult,QM013509,"Somerset, Cape York",182,36.4
Ptiloris_magnificus,ALBERTI,M,Adult,QM013511,"Somerset, Cape York",183,38.6
Ptiloris_magnificus,ALBERTI,M,Adult,QM013504,"Somerset, Cape York",182,38.5
Ptiloris_magnificus,ALBERTI,M,Adult,QM037111,"Somerset, Cape York",176,39.2
Ptiloris_magnificus,ALBERTI,M,Adult,QM05365,"Upper Nesbit River, Rocky Scrub, CYP",183,37.4
Ptiloris_magnificus,ALBERTI,M,Adult,QM05366,"Upper Nesbit River, Rocky Scrub, CYP",184,37.6
Ptiloris_magnificus,ALBERTI,M,Adult,QM029045,"Laradenya Creek, Lockerbie Scrub, Cape York",185,37.9
Ptiloris_magnificus,ALBERTI,M,Adult,QM027174,"Claudie River, 3rd Crossing, CYP",184,37.8
Ptiloris_magnificus,ALBERTI,M,Adult,MCZ166686,"McIlwraith Range, CYP",182,36.1
Ptiloris_magnificus,ALBERTI,M,Adult,ROM0049917,"Cape York, QLd",186,38.1
Ptiloris_magnificus,ALBERTI-TYPE,M,Adult,AMNH677613,"Claudie River, NQ",180,38.8
Ptiloris_magnificus,ALBERTI,M,Subadult,MVb16618,Cape York,173,37.9
Ptiloris_magnificus,ALBERTI,M,Subadult,MVB16616,"Somerset, cape York",165,37.8
Ptiloris_magnificus,ALBERTI,M,Subadult,MVB16613,Cape York,170,37.5
Ptiloris_magnificus,ALBERTI,M,Subadult,MVW6808,"Coen, CYP",160,35.1
Ptiloris_magnificus,ALBERTI,M,Subadult,CSIRO39736,"Leo River, McIlwraith Range",168,35.3
Ptiloris_magnificus,ALBERTI,M,Subadult,AM023274,Cape York,170,39.2
Ptiloris_magnificus,ALBERTI,M,Subadult,QM013510,"Somerset, Cape York",182,38.5
Ptiloris_magnificus,ALBERTI,M,Subadult,QM013512,"Somerset, Cape York",172,37.6
Ptiloris_magnificus,ALBERTI,M,Subadult,AMNH677643,"Cape York, N. Queensland",177,38.5
Ptiloris_magnificus,ALBERTI,M,Subadult,AMNh677644,"Cape York, N. Qld",167,38.9
Ptiloris_magnificus,ALBERTI,M,Subadult,AMNH677617,"Cable Station, Cape York",175,38.9
Ptiloris_magnificus,ALBERTI,M,Subadult,M. T. Dresden C15881,Cape York,179,37.1
Ptiloris_magnificus,ALBERTI,M,Subadult,MHN Paris no no,Cape York,170,39.5
Ptiloris_magnificus,ALBERTI,M,Subadult,BMNH80.11.18.403,Cape York,169,37.1
Ptiloris_magnificus,ALBERTI,M,Immature,MVB15012,"Somerset, Cape York",163,39
Ptiloris_magnificus,ALBERTI,M,Immature,MVB15008,"Somerset, Cape York",169,37.6
Ptiloris_magnificus,ALBERTI,M,Immature,MVB16615,"Somerset, Cape York",168,39.3
Ptiloris_magnificus,ALBERTI,M,Immature,CSIRO4310,Eastern McIlwraith range,155,37.7
Ptiloris_magnificus,ALBERTI,M,Immature,ROM0049918,"Cape York, Queensland",151,37.8
Ptiloris_magnificus,ALBERTI,F,Adult,WAMA1589,N. Qld,140,34
Ptiloris_magnificus,ALBERTI,F,Adult,MVR6487,Claudie River,141,32.6
Ptiloris_magnificus,ALBERTI,F,Adult,MVW1031,Cape York,164,38.9
Ptiloris_magnificus,ALBERTI,F,Adult,SAMB20538,"Claudie River, CYP",143,31.1
Ptiloris_magnificus,ALBERTI,F,Adult,SAMB20531,"Paira, Cape York",145,38.7
Ptiloris_magnificus,ALBERTI,F,Adult,SAMB20530,"Paira, Cape York",149,32.1
Ptiloris_magnificus,ALBERTI,F,Adult,SAMB20539,"Claudie River, CYP",149,32.8
Ptiloris_magnificus,ALBERTI,F,Adult,SAMB1516,Cape York,146,34.3
Ptiloris_magnificus,ALBERTI,F,Adult,SAMB9335,"Somerset, Cape York",143,33.2
Ptiloris_magnificus,ALBERTI,F,Adult,SAMB9334,Cape York,145,33.9
Ptiloris_magnificus,ALBERTI,F,Adult,AM055556,"Iron Range, CYP",148,34.3
Ptiloris_magnificus,ALBERTI,F,Adult,AM027622,Cape York,154,37.9
Ptiloris_magnificus,ALBERTI,F,Adult,AM018103,Cape York,154,37.8
Ptiloris_magnificus,ALBERTI,F,Adult,AM018102,Cape York,157,44.2
Ptiloris_magnificus,ALBERTI,F,Adult,AM059630,"Claudie River, 3rd crossing, CYP",139,34.4
Ptiloris_magnificus,ALBERTI,F,Adult,QM012183,"Somerset, Cape York",159,36.3
Ptiloris_magnificus,ALBERTI,F,Adult,QM012184,"Somerset, Cape York",147,35.6
Ptiloris_magnificus,ALBERTI,F,Adult,QM012186,"Somerset, Cape York",161,38.3
Ptiloris_magnificus,ALBERTI,F,Adult,QM012185,"Somerset, Cape York",142,33.6
Ptiloris_magnificus,ALBERTI,F,Adult,QM05367,"16 miles NE Coen, Peach River,CYP",146,32.8
Ptiloris_magnificus,ALBERTI,F,Adult,QM029046,"Laradenya Creek, Lockerbie Scrub",153,32.4
Ptiloris_magnificus,ALBERTI,F,Adult,QM027175,"Claudie River, 3rd crossing",145,33
Ptiloris_magnificus,ALBERTI,F,Adult,BMNH1925.1.11.336,"Olive River, CYP",142,32.9
Ptiloris_magnificus,ALBERTI,F,Adult,BMNH80.11.18.404,Cape York,165,38.1
Ptiloris_intercedens,INTERCEDENS,F,Juvenile,MCZ168275,"Mt Misim, Morobe, NG",169,38.2
Ptiloris_magnificus,MAGNIFICUS,U,Juv,BMNH1916.5.30.1314.,"Wataiwka R., DNG",157,36.4
Ptiloris_paradiseus,PARADISEUS,M,Adult,MV B16609,"Richmond River, NSW",158,30.3
Ptiloris_paradiseus,PARADISEUS,M,Adult,MV B14902,35 miles from Brisbane on North Pine River,162,31.7
Ptiloris_paradiseus,PARADISEUS,M,Adult,MVb17949,no loc,158,33.9
Ptiloris_paradiseus,PARADISEUS,M,Adult,MVB16611,no loc,155,34.2
Ptiloris_paradiseus,PARADISEUS,M,Adult,MvB16606,no loc,156,36.2
Ptiloris_paradiseus,PARADISEUS,M,Adult,MV Wh 1013,"Booyong, Richmond, NSW",160,34.2
Ptiloris_paradiseus,PARADISEUS,M,Adult,MV Wh 1012,"Bellinger River, NSW ",153,31.7
Ptiloris_paradiseus,PARADISEUS,M,Adult,MV Wh 6394,"Byrrill Creek, Tweed River, NSW",163,32.9
Ptiloris_paradiseus,PARADISEUS,M,Adult,MV Wh1014,"Tweed River, NSW",155,32.3
Ptiloris_paradiseus,PARADISEUS,M,Adult,SAM B9340,"Blackall Ranges, Q",161,33.2
Ptiloris_paradiseus,PARADISEUS,M,Adult,SAM,"Bunya Mts, SE Qld",163,35.2
Ptiloris_paradiseus,PARADISEUS,M,Adult,SAM,"Cooroy, Blackall Ra, SE Qld",160,35.1
Ptiloris_paradiseus,PARADISEUS,M,Adult,CSIRO 37639,"New England Distr., Cambridge Plat.",159,30.1
Ptiloris_paradiseus,PARADISEUS,M,Adult,CSIRO 39245,"Murwillumbah, Richmond-Tweed Dist.",161,33.7
Ptiloris_paradiseus,PARADISEUS,M,Adult,AM 0.27584,"Bunya Mts, Qld",162,33.5
Ptiloris_paradiseus,PARADISEUS,M,Adult,AM 0.28748,"Mymboyda, NSW",162,33.2
Ptiloris_paradiseus,PARADISEUS,M,Adult,AM 0. 28745,"Tweed River, NSW",161,34.1
Ptiloris_paradiseus,PARADISEUS,M,Adult,AM 0.59236,"Tenterfieldshire, NSW",160,33.9
Ptiloris_paradiseus,PARADISEUS,M,Adult,AM 0.28572,"Richmond River, NSW",163,35.1
Ptiloris_paradiseus,PARADISEUS,M,Adult,AM 0.28747,"Lismore, NSW",163,34
Ptiloris_paradiseus,PARADISEUS,M,Adult,AM 0.35171,"Bunya Mts, Qld",160,32.6
Ptiloris_paradiseus,PARADISEUS,M,Adult,QM 0.7254,"Brisbane, S.E. Qld",160,31.6
Ptiloris_paradiseus,PARADISEUS,M,Adult,QM 0.10092,"Mt Glorious, SE Qld",158,32.6
Ptiloris_paradiseus,PARADISEUS,M,Adult,QM 0.7255,"North Pine, SE Qld",161,35.1
Ptiloris_paradiseus,PARADISEUS,M,Adult,QM 0. 10016,"The Head, 15 mls E of Killarner, SE Qld",159,32.2
Ptiloris_paradiseus,PARADISEUS,M,Adult,QM 0.9971,"The Head, 15 mls E of Killarner, SE Qld",158,33.7
Ptiloris_paradiseus,PARADISEUS,M,Adult,QM 0.7248,"Moreton Bay, Qld",164,33.1
Ptiloris_paradiseus,PARADISEUS,M,Adult,QM 0.3045,"Gympie, SE Qld",162,33.4
Ptiloris_paradiseus,PARADISEUS,M,Adult,QM 0. 7252,"Blackall Range, SE Qld",161,32.4
Ptiloris_paradiseus,PARADISEUS,M,Adult,QM 0.7251,"Blackall Range, SE Qld",158,32.3
Ptiloris_paradiseus,PARADISEUS,M,Adult,QM 0.650,"Manango, SE Qld",165,34.4
Ptiloris_paradiseus,PARADISEUS,M,Adult,QM 0.11903,"Emu Vale, SE Qld",160,34.1
Ptiloris_paradiseus,PARADISEUS,M,Adult,ROM0049886,"Richmond River, NSW",156,33.6
Ptiloris_paradiseus,TYPE PARADISEUS,M,Adult,MHN Paris 10351,Australia,163,34.3
Ptiloris_paradiseus,PARADISEUS,M,Subadult,MV B16608,New South Wales,152,33.1
Ptiloris_paradiseus,PARADISEUS,M,Subadult,MVW1019,"Boeyong, Richmond River, NSW",157,31.9
Ptiloris_paradiseus,PARADISEUS,M,Subadult,SAM White,"Cooroy, Blackall Ra.,",155,34.3
Ptiloris_paradiseus,PARADISEUS,M,Subadult,SAM White,"Cooroy, Blackall Ra.,",154,34.7
Ptiloris_paradiseus,PARADISEUS,M,Subadult,AM 0.18108,"Richmond River, NSW",152,33.2
Ptiloris_paradiseus,PARADISEUS,M,Subadult,QM 0.7249,"Moreton Bay, Qld",158,32.8
Ptiloris_paradiseus,PARADISEUS,M,Subadult,QM 0.676,"Tambourine Mts, SE Qld",151,34.3
Ptiloris_paradiseus,PARADISEUS,M,Subadult,QM011/105,Blackall Range,155,33.3
Ptiloris_paradiseus,PARADISEUS,M,Subadult,AMNH677677,"Richmond River, NSW",157,34.5
Ptiloris_paradiseus,PARADISEUS,M,Subadult,AMNH703211,"Bunya Mtns, NSW",153,35.2
Ptiloris_paradiseus,PARADISEUS,M,Subadult,BMNh97.11.6.39,"Lismore, NSW",153,35
Ptiloris_paradiseus,PARADISEUS,M,Subadult,BMNh97.11.6.40,"Lismore, NSW",155,34.1
Ptiloris_paradiseus,PARADISEUS,M,Subadult,BMNH77.11.15.15.,"Clarence River, NSW",154,34.5
Ptiloris_paradiseus,PARADISEUS,M,immature,MVB1690,"Bunya Mts, near Dalby",154,33.4
Ptiloris_paradiseus,PARADISEUS,M,immature,MV Wh 1018,"Richmond River, NSW",143,33.2
Ptiloris_paradiseus,PARADISEUS,M,immature,CSIRO 39025,"Cambridge Plateau, New England, NSW",150,32.2
Ptiloris_paradiseus,PARADISEUS,M,immature,AM 0. 59235,"Tenterfield Shire, NSW",139,31.4
Ptiloris_paradiseus,PARADISEUS,M,immature,AMNH677665,"Richmond River, NSW",152,34.5
Ptiloris_paradiseus,PARADISEUS,F,Adult,MVB15011,Qld,156,33.7
Ptiloris_paradiseus,PARADISEUS,F,Adult,MV Wh 1015,"Dorrigo Scrubs, Billingor River, NSW",151,33.8
Ptiloris_paradiseus,PARADISEUS,F,Adult,MV Wh 7546,"Booyong, Richmond River, NSW",142,30.7
Ptiloris_paradiseus,PARADISEUS,F,Adult,MV Wh 1016,"Tweed River, NSW",143,30.4
Ptiloris_paradiseus,PARADISEUS,F,Adult,MV Wh 1017,"Richmond River, NSW",137,31.7
Ptiloris_paradiseus,PARADISEUS,F,Adult,SAM,"Imbil Forest, SE Queensland",140,31.1
Ptiloris_paradiseus,PARADISEUS,F,Adult,SAM,"Cooroy, Blackall Range",143,32
Ptiloris_paradiseus,PARADISEUS,F,Adult,SAM,"Cooroy, Blackall Range",143,30.7
Ptiloris_paradiseus,PARADISEUS,F,Adult,CSIRO 37638,"Cambridge Plateau, New England, NSW",142,29.5
Ptiloris_paradiseus,PARADISEUS,F,Adult,CSIRO 39023,"Cambridge Plateau, New England, NSW",140,31.6
Ptiloris_paradiseus,PARADISEUS,F,Adult,CSIRO 39948,"Kenilworth Av.,Wide Bay Dist.Conondale Ra.,Q",142,32.6
Ptiloris_paradiseus,PARADISEUS,F,Adult,CSIRO 39026,"Wilson River, Oxley Distr., NSW",137,31.7
Ptiloris_paradiseus,PARADISEUS,F,Adult,CSIRO 37637,"Tweed District, Richmond River, NSW",141,31.4
Ptiloris_paradiseus,PARADISEUS,F,Adult,AM 0.27585,"Bunya Bunya Mts, Qld",153,33.3
Ptiloris_paradiseus,PARADISEUS,F,Adult,QM 0. 3086,"Gympie, SE Qld",148,32.8
Ptiloris_paradiseus,PARADISEUS,F,Adult,QM 0. 6868,"North Pine River, SE Qld",140,32.8
Ptiloris_paradiseus,PARADISEUS,F,Adult,QM0.13540,"North Pine River, SE Qld",141,30.7
Ptiloris_paradiseus,PARADISEUS,F,Adult,QM 0. 13541,"North Pine River, SE QLd",154,34.2
Ptiloris_paradiseus,PARADISEUS,F,Adult,QM 0.15979,"Austral Site, Bulburin, Dawes Ra., SE Qld",139,32.3
Ptiloris_paradiseus,PARADISEUS,F,Adult,QM 0. 13539,"Eumundi, SE Qld",147,33.2
Ptiloris_paradiseus,PARADISEUS,F,Adult,AMNH677686,"Tweed River, NSW",149,35.6
Ptiloris_paradiseus,PARADISEUS,F,Adult,AMNH677671,"Richmond River, NSW",142,32.2
Ptiloris_paradiseus,PARADISEUS,F,Adult,AMNH677668,"Richmond River, NSW",144,32.3
Ptiloris_paradiseus,PARADISEUS,F,Adult,AMNH103213,"Bunya, Mtns",145,33.7
Ptiloris_paradiseus,PARADISEUS,?F,adult,MV B 1691,"Bunya Mts, nr Dalby, Queensland ",146,34.2